,ticker,name,description,logoid,update_mode,type,typespecs,Perf.Y,close,pricescale,minmov,fractional,minmove2,currency,change,volume,market_cap_basic,fundamental_currency_code,price_earnings_ttm,earnings_per_share_diluted_ttm,earnings_per_share_diluted_yoy_growth_ttm,dividends_yield_current,sector.tr,sector,market,recommendation_mark,relative_volume_10d_calc
0,NASDAQ:RGC,RGC,Regencell Bioscience Holdings Limited,regencell-bioscience,streaming,stock,['common'],17066.914432766156,14.75,100,1,false,0,USD,-10.956836703893758,1274778,7293711151.000001,USD,,-0.3142,13.204419889502766,0.0,Health technology,Health Technology,america,,0.3688467812730931
1,NASDAQ:WW,WW,"WW International, Inc.",,streaming,stock,['common'],3325.438596491228,39.05,100,1,false,0,USD,-1.2642225031605563,83693,3134945715.0,USD,,-0.8823,79.56266938454056,0.0,Consumer services,Consumer Services,america,1.0,0.0683386959608616
2,NASDAQ:QUBT,QUBT,Quantum Computing Inc.,quantum-computing,streaming,stock,['common'],2860.2581521739135,17.43,100,1,false,0,USD,-9.124087591240876,16887050,2752394551.0,USD,,-0.4776,-39.97655334114889,0.0,Technology services,Technology Services,america,1.5,0.7319387771585725
3,NASDAQ:DFDV,DFDV,DeFi Development Corp.,janover,streaming,stock,['common'],2761.367330367382,27.25,100,1,false,0,USD,10.592532467532465,2271368,401686226.0,USD,,-0.2584,51.42857142857142,0.0,Finance,Finance,america,1.0,1.3905867570244475
4,NASDAQ:NUTX,NUTX,Nutex Health Inc.,nutex-health,streaming,stock,['common'],2458.2589285714284,114.61,100,1,false,0,USD,-2.5508035031034777,196037,636671868.0,USD,9.627613551405796,11.9043,,0.0,Health services,Health Services,america,1.0,0.5058708652216973
5,NASDAQ:DGNX,DGNX,Diginex Limited,diginex-limited,streaming,stock,['common'],1461.0328638497654,66.5,100,1,false,0,USD,5.522056490003168,62958,1529085239.4999998,USD,,,,0.0,Technology services,Technology Services,america,,1.684287686331582
6,NASDAQ:BSGM,BSGM,"BioSig Technologies, Inc.",biosig-technologies,streaming,stock,['common'],1175.609756097561,5.23,100,1,false,0,USD,-10.750853242320817,1787262,161047117.0,USD,,-0.6233,80.60249587651325,0.0,Health technology,Health Technology,america,1.0,1.052824298191063
7,NYSE:QBTS,QBTS,D-Wave Quantum Inc.,d-wave-quantum,streaming,stock,['common'],1075.3968253968253,14.81,100,1,false,0,USD,-7.495315427857594,30058847,4627743978.0,USD,,-0.6043,-13.504883546205853,0.0,Electronic technology,Electronic Technology,america,1.0,0.7027762020039392
8,AMEX:TGEN,TGEN,Tecogen Inc.,tecogen,streaming,stock,['common'],1047.6287645262594,7.93,100,1,false,0,USD,-2.8186274509803972,281819,200386032.0,USD,,-0.1734,-2.3008849557522044,0.0,Producer manufacturing,Producer Manufacturing,america,,0.5789986012928591
9,NASDAQ:NEON,NEON,Neonode Inc.,neonode,streaming,stock,['common'],975.5274261603373,25.49,100,1,false,0,USD,1.1507936507936474,160577,427796697.0,USD,,-0.377,46.29629629629629,0.0,Electronic technology,Electronic Technology,america,1.0,0.27137819196013985
10,NASDAQ:RGTI,RGTI,"Rigetti Computing, Inc.",rigetti-computing-redeemable,streaming,stock,['common'],963.7554585152839,12.18,100,1,false,0,USD,-6.52340752110514,30495472,3561952772.0,USD,,-0.6999,-33.51774132010682,0.0,Electronic technology,Electronic Technology,america,1.0625,0.7580080282881285
11,NASDAQ:MNPR,MNPR,Monopar Therapeutics Inc.,monopar-therapeutics,streaming,stock,['common'],953.2781031281244,36.87,100,1,false,0,USD,-3.6330371144798765,40442,225467929.0,USD,,-3.9851,-51.31758809234509,0.0,Health technology,Health Technology,america,1.166667,0.4199061383835867
12,NASDAQ:SEZL,SEZL,Sezzle Inc.,sezzle,streaming,stock,['common'],939.581254170825,134.73,100,1,false,0,USD,-9.352082352149637,1680843,4484662632.0,USD,45.53689120221719,2.9587,676.3579113093675,0.0,Technology services,Technology Services,america,1.0,1.506775745547156
13,NASDAQ:AEVA,AEVA,"Aeva Technologies, Inc.",aeva,streaming,stock,['common'],842.2382671480144,26.1,100,1,false,0,USD,-10.647038685381718,2839405,1436091030.9999998,USD,,-2.8215,10.383051708804478,0.0,Electronic technology,Electronic Technology,america,1.2,0.6739031820188309
14,NASDAQ:NNNN,NNNN,Anbio Biotechnology,anbio-biotechnology,streaming,stock,['common'],836.5019011406845,49.26,100,1,false,0,USD,-2.907263230511484,204966,7088080321.0,USD,812.8712871287129,0.0606,5.208333333333338,0.0,Health technology,Health Technology,america,,1.0428419664444282
15,AMEX:UAMY,UAMY,United States Antimony Corporation,united-states-antimony,streaming,stock,['common'],806.6666666666667,2.72,100,1,false,0,USD,2.2556390977443628,4022002,323956087.00000006,USD,,-0.0085,84.40366972477064,0.0,Non-energy minerals,Non-Energy Minerals,america,1.0,0.59983232442889
16,AMEX:UMAC,UMAC,"Unusual Machines, Inc.",unusual-machines,streaming,stock,['common'],791.1764705882352,12.12,100,1,false,0,USD,39.47065592635213,26639043,300941654.0,USD,,-3.7622,-542.67167748548,0.0,Electronic technology,Electronic Technology,america,1.0,9.97254270191044
17,NASDAQ:CNVS,CNVS,Cineverse Corp.,cinedigm,streaming,stock,['common'],726.8482490272373,6.8,100,1,false,0,USD,-0.2932551319648162,192963,116334830.0,USD,46.13297150610583,0.1474,,0.0,Consumer services,Consumer Services,america,1.0,0.1802653267052726
18,NASDAQ:AZ,AZ,A2Z Cust2Mate Solutions Corp.,a2z-smart-technologies,streaming,stock,['common'],661.3333333333334,11.42,100,1,false,0,USD,2.0554066130473676,540275,400153720.0,USD,,-1.0767,-22.88290344670167,0.0,Finance,Finance,america,,2.2674059683841095
19,AMEX:AREN,AREN,"The Arena Group Holdings, Inc.",the-arena,streaming,stock,['common'],652.5759749576104,5.77,100,1,false,0,USD,-7.234726688102897,163440,274426688.0,USD,103.03571428571428,0.056,,0.0,Technology services,Technology Services,america,,0.4273557909533611
20,NASDAQ:RKLB,RKLB,Rocket Lab Corporation,rocket-lab,streaming,stock,['common'],647.7011494252874,39.03,100,1,false,0,USD,-0.1790281329923281,16371475,18344767634.0,USD,,-0.4128,-10.522088353413656,0.0,Electronic technology,Electronic Technology,america,1.3,0.5877347393390925
21,NASDAQ:GRRR,GRRR,Gorilla Technology Group Inc.,gorilla-technology-group-inc,streaming,stock,['common'],644.1176470588235,20.24,100,1,false,0,USD,-4.075829383886269,3519755,458820876.0,USD,,,,0.0,Technology services,Technology Services,america,1.0,1.0141075930684955
22,NASDAQ:TSSI,TSSI,"TSS, Inc.",tss,streaming,stock,['common'],637.589928057554,20.505,100,1,false,0,USD,-10.536649214659697,2645999,513045296.0,USD,57.76056338028169,0.355,814.9484536082474,0.0,Technology services,Technology Services,america,,0.9143988288502547
23,NASDAQ:PSIX,PSIX,"Power Solutions International, Inc.",power-solutions-international,streaming,stock,['common'],613.069306930693,72.02,100,1,false,0,USD,5.307793537066816,582030,1657051838.0000002,USD,20.407469326457168,3.5291,172.98112623762376,0.0,Producer manufacturing,Producer Manufacturing,america,1.0,0.7730547716936279
24,NASDAQ:INKT,INKT,"MiNK Therapeutics, Inc.",mink-therapeutics,streaming,stock,['common'],605.1648351648352,64.17,100,1,false,0,USD,730.1423027166882,47855786,255759601.00000003,USD,,-2.5049,58.0031855142929,0.0,Health technology,Health Technology,america,1.5,18226.609536867883
25,NASDAQ:VBIX,VBIX,Viewbix Inc.,viewbix,streaming,stock,['common'],602.2776572668112,5.18,100,1,false,0,USD,5.070993914807302,84252,47720608.0,USD,,-3.3207,-55.95266049875545,0.0,Electronic technology,Electronic Technology,america,,0.9316592983472701
26,NASDAQ:MVST,MVST,"Microvast Holdings, Inc.",microvast,streaming,stock,['common'],601.6317016317017,3.01,100,1,false,0,USD,-6.2305295950155815,7546555,979277518.9999999,USD,,-0.4479,-37.90024630541873,0.0,Producer manufacturing,Producer Manufacturing,america,1.333333,0.7672549776149031
27,NYSE:OKLO,OKLO,Oklo Inc.,altc,streaming,stock,['common'],601.0,56.08,100,1,false,0,USD,1.1361587015329042,15123416,8198736078.000001,USD,,-5.399,-2987.16577540107,0.0,Producer manufacturing,Producer Manufacturing,america,1.416667,1.0046085306408465
28,NASDAQ:PRCH,PRCH,"Porch Group, Inc.",porch,streaming,stock,['common'],593.7853107344632,12.28,100,1,false,0,USD,-7.73854244928626,2066700,1267606139.0,USD,,-0.2041,81.94923498717608,0.0,Finance,Finance,america,1.166667,0.7820850712686233
29,NASDAQ:TOI,TOI,"The Oncology Institute, Inc.",the-oncology-institute,streaming,stock,['common'],573.1182795698925,3.13,100,1,false,0,USD,9.059233449477343,2653782,287689999.0,USD,,-0.6963,13.856241494494617,0.0,Health services,Health Services,america,1.0,1.0445514570052652
30,NASDAQ:MTEN,MTEN,Mingteng International Corporation Inc.,mingteng-international,streaming,stock,['common'],566.0532842627409,16.65,100,1,false,0,USD,-2.6884862653419104,221457,113879340.0,USD,,-0.117,,0.0,Producer manufacturing,Producer Manufacturing,america,,1.9756470942981479
31,NASDAQ:RCAT,RCAT,"Red Cat Holdings, Inc.",red-cat,streaming,stock,['common'],499.3006993006993,8.57,100,1,false,0,USD,26.40117994100295,42749877,843494727.0,USD,,,,0.0,Technology services,Technology Services,america,1.0,6.8504260688834675
32,NASDAQ:SRM,SRM,"SRM Entertainment, Inc.",srm-entertainment,streaming,stock,['common'],478.5714285714285,6.48,100,1,false,0,USD,-4.845814977973557,2994314,115561792.80000001,USD,,-0.2567,36.12839014680269,0.0,Consumer durables,Consumer Durables,america,,0.8297469154885255
33,NASDAQ:ROMA,ROMA,Roma Green Finance Limited,roma-green-finance-limited,streaming,stock,['common'],476.0166666666667,3.4561,100,1,false,0,USD,1.9498525073746327,39685,41350754.00000001,USD,,,,0.0,Commercial services,Commercial Services,america,,0.09675346237695841
34,NASDAQ:DAVE,DAVE,Dave Inc.,dave,streaming,stock,['common'],467.6750700280111,202.66,100,1,false,0,USD,-11.87929385163927,976970,2703553582.0,USD,55.76007703948273,3.6345,,0.0,Finance,Finance,america,1.0,1.882211190195093
35,NASDAQ:PTHL,PTHL,Pheton Holdings Ltd,pheton-ltd,streaming,stock,['common'],458.7765957446809,21.01,100,1,false,0,USD,2.939735423811864,764789,299392500.0,USD,,-0.046,-177.10843373493975,0.0,Health technology,Health Technology,america,,0.6422628468273455
36,NASDAQ:COMM,COMM,"CommScope Holding Company, Inc.",commscope,streaming,stock,['common'],457.77777777777777,7.53,100,1,false,0,USD,-4.198473282442749,2593436,1630975686.0,USD,,-0.594,93.28896973257562,0.0,Electronic technology,Electronic Technology,america,2.277778,0.3944003890965729
37,NASDAQ:ALMU,ALMU,"Aeluma, Inc.",aeluma,streaming,stock,['common'],421.0,15.63,100,1,false,0,USD,-6.908874329958299,188723,246883142.0,USD,,-0.2675,,0.0,Commercial services,Commercial Services,america,,0.390101194841618
38,NASDAQ:RPID,RPID,"Rapid Micro Biosystems, Inc.",rapid-micro-biosystems,streaming,stock,['common'],409.0137857900318,3.36,100,1,false,0,USD,-0.29673590504451725,58825,147274512.0,USD,,-1.0245,14.86621239820509,0.0,Producer manufacturing,Producer Manufacturing,america,1.0,0.8119650451291069
39,NASDAQ:ABVC,ABVC,"ABVC BioPharma, Inc.",abvc-biopharma,streaming,stock,['common'],408.32266325224066,3.97,100,1,false,0,USD,18.507462686567166,1193809,67416928.99999999,USD,,-0.1442,93.72470516558596,0.0,Health technology,Health Technology,america,,1.1884886118800577
40,AMEX:CTM,CTM,"Castellum, Inc.",castellum,streaming,stock,['common'],406.6666666666666,1.14,100,1,false,0,USD,-5.7851239669421535,1742840,103528058.00000001,USD,,-0.1196,66.41392867172144,0.0,Process industries,Process Industries,america,1.0,0.9369367548337177
41,NYSE:AMPX,AMPX,"Amprius Technologies, Inc.",amprius-technologies,streaming,stock,['common'],399.2248062015504,6.44,100,1,false,0,USD,-0.9230769230769171,10439656,776316772.0,USD,,-0.4109,4.241435562805871,0.0,Producer manufacturing,Producer Manufacturing,america,1.0,0.9801696968131013
42,NASDAQ:PLTR,PLTR,Palantir Technologies Inc.,palantir,streaming,stock,['common'],398.7714987714988,142.1,100,1,false,0,USD,-0.2807017543859689,52134766,335343829329.0,USD,620.5240174672489,0.229,80.74191002367797,0.0,Technology services,Technology Services,america,2.0,0.6303805613466215
43,NYSE:IONQ,IONQ,"IonQ, Inc.",ionq,streaming,stock,['common'],397.441998810232,41.81,100,1,false,0,USD,-8.970172000870885,23362911,10938874630.0,USD,,-1.4902,-79.17518335938439,0.0,Electronic technology,Electronic Technology,america,1.357143,0.9901970080381772
44,NASDAQ:AGFY,AGFY,Agrify Corporation,agrify,streaming,stock,['common'],393.5323383084576,24.8,100,1,false,0,USD,-3.4267912772585634,3018,48409947.99999999,USD,,-28.493,62.63438533544207,0.0,Producer manufacturing,Producer Manufacturing,america,,0.11532509218747014
45,AMEX:LEU,LEU,Centrus Energy Corp.,centrus,streaming,stock,['common'],380.0,206.4,100,1,false,0,USD,4.5274992403524745,1244947,3516491525.0,USD,32.36377891023128,6.3775,40.27890812308913,0.0,Non-energy minerals,Non-Energy Minerals,america,1.269231,1.0242981263925803
46,NASDAQ:XCUR,XCUR,"Exicure, Inc.",exicure,streaming,stock,['common'],379.0774299835255,7.27,100,1,false,0,USD,-0.13736263736264664,12006,45930354.0,USD,,-1.6258,79.14143487632145,0.0,Health technology,Health Technology,america,,0.024060245604486115
47,NASDAQ:PDYN,PDYN,Palladyne AI Corp.,sarcos-technology-and-robotics,streaming,stock,['common'],378.02197802197793,8.7,100,1,false,0,USD,4.441776710684264,5524726,310707684.0,USD,,-1.8738,52.43800289362134,0.0,Producer manufacturing,Producer Manufacturing,america,1.0,2.266742570408413
48,NASDAQ:EPSM,EPSM,Epsium Enterprise Limited,epsium-enterprise-limited,streaming,stock,['common'],374.99999999999994,21.28,100,1,false,0,USD,-1.3444598980064866,178275,285961363.52000004,USD,,,,0.0,Distribution services,Distribution Services,america,,2.391777998996466
49,NASDAQ:OCG,OCG,Oriental Culture Holding LTD,oriental-culture-ltd,streaming,stock,['common'],373.64341085271315,6.11,100,1,false,0,USD,-0.05888510861030495,514,126684306.99999999,USD,,-0.3056,63.86425446375784,0.0,Retail trade,Retail Trade,america,,0.06029820630432998
50,NASDAQ:NAKA,NAKA,"Kindly MD, Inc.",kindly-md,streaming,stock,['common'],373.0769230769231,12.3,100,1,false,0,USD,-7.518796992481203,345616,93557736.0,USD,,-0.7302,-153.45366192294338,0.0,Health services,Health Services,america,,1.0259339098799154
51,NASDAQ:LAES,LAES,SEALSQ Corp,sealsq,streaming,stock,['common'],364.49136276391556,3.63,100,1,false,0,USD,-4.973821989528795,7689958,442888675.99999994,USD,,-0.6817,-191.6987590928541,0.0,Electronic technology,Electronic Technology,america,1.0,0.742330021400362
52,NASDAQ:TMC,TMC,TMC the metals company Inc.,the-metals-company,streaming,stock,['common'],359.44055944055947,6.57,100,1,false,0,USD,-4.087591240875903,8048613,2609310415.0,USD,,-0.2337,28.597616865261227,0.0,Non-energy minerals,Non-Energy Minerals,america,1.0,0.6611209187435191
53,NYSE:FOA,FOA,Finance of America Companies Inc.,finance-of-america-companies,streaming,stock,['common'],346.21668936004664,22.94,100,1,false,0,USD,-3.855825649622792,58125,253699570.00000003,USD,,-1.5239,89.56947296372348,0.0,Finance,Finance,america,2.0,0.41291080629315136
54,NASDAQ:CDTX,CDTX,"Cidara Therapeutics, Inc.",cidara-therapeutics,streaming,stock,['common'],346.02824360105916,50.535,100,1,false,0,USD,-0.6780660377358608,497008,1117710381.0,USD,,-29.0723,-260.33192037877103,0.0,Health technology,Health Technology,america,1.0,0.3850799047310605
55,NASDAQ:SRRK,SRRK,Scholar Rock Holding Corporation,scholar-rock,streaming,stock,['common'],340.47058823529414,37.44,100,1,false,0,USD,-1.770956316410873,687816,3554761795.9999995,USD,,-2.6452,-20.301982899763516,0.0,Health technology,Health Technology,america,1.0,0.6617389205324691
56,NASDAQ:HOOD,HOOD,"Robinhood Markets, Inc.",robinhood,streaming,stock,['common'],334.17218543046357,98.34,100,1,false,0,USD,-0.36474164133738546,60337337,86781992040.0,USD,56.126933394212664,1.7521,1104.192439862543,0.0,Finance,Finance,america,1.44,0.9190493719073581
57,NASDAQ:ETON,ETON,"Eton Pharmaceuticals, Inc.",eton-pharmaceuticals,streaming,stock,['common'],331.25,14.49,100,1,false,0,USD,-6.876606683804629,443114,388586082.0,USD,,-0.1757,-619.8224852071006,0.0,Health technology,Health Technology,america,1.0,0.5225844030879505
58,NASDAQ:NAGE,NAGE,"Niagen Bioscience, Inc.",chromadex,streaming,stock,['common'],326.41509433962267,11.3,100,1,false,0,USD,-4.15606446140796,925691,890097184.0,USD,65.43138390272149,0.1727,,0.0,Health technology,Health Technology,america,1.0,0.7250263320970876
59,NASDAQ:SERV,SERV,Serve Robotics Inc.,serve-robotics,streaming,stock,['common'],325.42372881355936,10.04,100,1,false,0,USD,-5.461393596986818,3863940,573518491.0000001,USD,,-1.0266,-32.567148760330575,0.0,Producer manufacturing,Producer Manufacturing,america,1.0,0.6742306375019466
60,NASDAQ:DALN,DALN,DallasNews Corporation - Series A,dallasnews,streaming,stock,['common'],322.34754586018846,13.63,100,1,false,0,USD,0.5162241887905625,377352,72954754.0,USD,2.449852613415774,5.5636,,0.0,Consumer services,Consumer Services,america,,0.7511797650144582
61,NYSE:LUMN,LUMN,"Lumen Technologies, Inc.",lumen,streaming,stock,['common'],317.7570093457943,4.47,100,1,false,0,USD,-0.8869179600886926,7691048,4585807270.0,USD,,-0.3162,97.10767992389594,0.0,Communications,Communications,america,1.866667,0.6474151796707751
62,NASDAQ:TDUP,TDUP,ThredUp Inc.,thredup,streaming,stock,['common'],314.03508771929825,7.08,100,1,false,0,USD,3.6603221083455346,1832700,837190245.0000001,USD,,-0.5792,9.273182957393471,0.0,Retail trade,Retail Trade,america,1.25,0.5899847267772264
63,NYSE:BBAI,BBAI,"BigBear.ai, Inc.",bigbear-ai,streaming,stock,['common'],305.03144654088055,6.44,100,1,false,0,USD,-9.550561797752804,129701394,1875255968.0,USD,,-0.7731,13.581488933601605,0.0,Technology services,Technology Services,america,1.5,0.5342500869631988
64,NASDAQ:PSNL,PSNL,"Personalis, Inc.",personalis,streaming,stock,['common'],300.62893081761007,6.37,100,1,false,0,USD,-7.947976878612714,1233160,562631144.0,USD,,-1.29,31.818181818181813,0.0,Health services,Health Services,america,1.125,0.5029668132694715
65,NASDAQ:MFI,MFI,mF International Limited,,streaming,stock,['common'],297.1153846153846,28.91,100,1,false,0,USD,-17.35277301315036,82589,47888229.690000005,USD,,,,0.0,Technology services,Technology Services,america,,1.688193489471148
66,NASDAQ:APP,APP,Applovin Corporation,applovin,streaming,stock,['common'],294.23529411764713,335.1,100,1,false,0,USD,-3.2397782397782313,3584393,113393433564.0,USD,60.5092091007584,5.538,228.1000059245216,0.0,Technology services,Technology Services,america,1.290323,0.5864054704322902
67,NASDAQ:ARQQ,ARQQ,Arqit Quantum Inc.,arqit-quantum,streaming,stock,['common'],291.20135363790183,34.68,100,1,false,0,USD,-9.380715965508239,899738,497819251.00000006,USD,,-1.872,87.16771088962312,0.0,Technology services,Technology Services,america,1.0,0.9499956181890562
68,NASDAQ:YYGH,YYGH,YY Group Holding Limited,yy-limited,streaming,stock,['common'],288.46153846153845,3.03,100,1,false,0,USD,10.989010989010982,379292,131040076.50000001,USD,,-0.1171,,0.0,Commercial services,Commercial Services,america,,1.2130104753483122
69,NASDAQ:ALLT,ALLT,Allot Ltd.,allot-ltd,streaming,stock,['common'],286.9047619047619,9.75,100,1,false,0,USD,-5.888030888030883,932565,436257826.0,USD,,-0.0955,93.26326185101581,0.0,Electronic technology,Electronic Technology,america,1.0,0.9015496195242412
70,NASDAQ:TKNO,TKNO,"Alpha Teknova, Inc.",alpha-teknova,streaming,stock,['common'],284.79999999999995,4.81,100,1,false,0,USD,-7.321772639691729,313009,257050280.0,USD,,-0.4714,55.18585416864721,0.0,Health technology,Health Technology,america,1.4,0.7859774604216484
71,NASDAQ:ASTS,ASTS,"AST SpaceMobile, Inc.",ast-spacemobile,streaming,stock,['common'],284.3170320404722,45.58,100,1,false,0,USD,3.6615874459858984,13400512,15389627122.0,USD,,-2.0026,-101.44854642390104,0.0,Communications,Communications,america,1.388889,1.1303685085764825
72,NASDAQ:CURI,CURI,CuriosityStream Inc.,curiositystream,streaming,stock,['common'],283.7606837606838,4.49,100,1,false,0,USD,-3.648068669527895,384454,259109884.00000003,USD,,-0.1378,84.16637940939906,3.2293986636971,Consumer services,Consumer Services,america,1.0,0.37997031231762085
73,NASDAQ:PVLA,PVLA,"Palvella Therapeutics, Inc.",pieris-pharmaceuticals,streaming,stock,['common'],282.3699421965318,26.46,100,1,false,0,USD,-1.7817371937639215,54659,292532886.0,USD,,,,0.0,Health technology,Health Technology,america,1.0,0.31683676811309414
74,NASDAQ:RAIL,RAIL,"Freightcar America, Inc.",freightcar-america,streaming,stock,['common'],277.2151898734177,11.92,100,1,false,0,USD,-0.831946755407651,299441,227898089.0,USD,,-1.086,29.503407984420637,0.0,Producer manufacturing,Producer Manufacturing,america,1.0,1.2775113697449594
75,NASDAQ:ALTS,ALTS,ALT5 Sigma Corporation,janone,streaming,stock,['common'],277.03349282296654,7.88,100,1,false,0,USD,4.0951122853368505,314610,137542725.99999997,USD,,-0.429,86.70756646216769,0.0,Industrial services,Industrial Services,america,1.0,0.9087991551267383
76,AMEX:BMNR,BMNR,"BitMine Immersion Technologies, Inc.",,streaming,stock,['common'],276.11111111111103,40.62,100,1,false,0,USD,-11.71484459900022,9385378,250333097.0,USD,,-2.8796,-96.26499454743728,0.0,Finance,Finance,america,,0.3211484075526629
77,NASDAQ:XGN,XGN,Exagen Inc.,exagen,streaming,stock,['common'],275.80645161290323,6.99,100,1,false,0,USD,-0.14285714285713982,145379,152805706.0,USD,,-0.8449,22.46489859594383,0.0,Health services,Health Services,america,1.166667,0.7275774676646695
78,NYSE:ZVIA,ZVIA,Zevia PBC,zevia-pbc,streaming,stock,['common'],266.66666666666674,2.64,100,1,false,0,USD,-4.693140794223822,667236,195944088.0,USD,,-0.32,33.81592554291623,0.0,Consumer non-durables,Consumer Non-Durables,america,1.5,0.502218652487282
79,NASDAQ:CEP,CEP,"Cantor Equity Partners, Inc.",cantor-equity-partners,streaming,stock,['common'],259.64035964035963,36.0,100,1,false,0,USD,5.0481470674058855,1720591,460800000.0,USD,202.47469066366702,0.1778,,0.0,Finance,Finance,america,,2.643189787273265
80,NASDAQ:BOF,BOF,BranchOut Food Inc.,branchout-food,streaming,stock,['common'],258.6666666666667,2.69,100,1,false,0,USD,-2.5362318840579654,119445,25783028.61,USD,,-0.7007,49.506377459104996,0.0,Consumer non-durables,Consumer Non-Durables,america,,1.0439627671196958
81,NASDAQ:AMLX,AMLX,"Amylyx Pharmaceuticals, Inc.",amylyx-pharmaceuticals,streaming,stock,['common'],257.20930232558135,7.68,100,1,false,0,USD,3.9242219215155623,1682939,684603500.0,USD,,-3.1028,-190.52434456928836,0.0,Health technology,Health Technology,america,1.055556,0.5824712239095003
82,NYSE:SGHC,SGHC,Super Group (SGHC) Limited,super-sghc-limited,streaming,stock,['common'],255.41795665634675,11.48,100,1,false,0,USD,-2.629346904156054,1559783,5756432202.0,USD,41.57913799348062,0.2761,282.94036061026355,2.00348432055749,Consumer services,Consumer Services,america,1.0,0.7863575213083381
83,NASDAQ:ASST,ASST,Asset Entities Inc.,asset-entities,streaming,stock,['common'],252.38095238095244,6.66,100,1,false,0,USD,-2.9154518950437343,2391069,110497547.0,USD,,-1.3462,28.431685273790535,0.0,Commercial services,Commercial Services,america,,0.18785452688690304
84,NYSE:OPFI,OPFI,OppFi Inc.,oppfi,streaming,stock,['common'],245.63380281690138,12.27,100,1,false,0,USD,-8.089887640449438,1959135,1065132398.0,USD,,-0.3928,-760.1680672268907,0.0,Finance,Finance,america,1.333333,1.6372197728758535
85,NASDAQ:BTM,BTM,Bitcoin Depot Inc.,bitcoin-depot,streaming,stock,['common'],245.625,5.53,100,1,false,0,USD,-2.296819787985864,1896863,355647571.00000006,USD,,-0.3004,66.63705019991116,0.0,Finance,Finance,america,1.0,1.0979969688001048
86,NASDAQ:AKBA,AKBA,"Akebia Therapeutics, Inc.",akebia-therapeutics,streaming,stock,['common'],241.73913043478262,3.93,100,1,false,0,USD,-1.2562814070351713,2730464,1032158844.0,USD,,-0.2152,2.7564392227745116,0.0,Health technology,Health Technology,america,1.0,0.6649997574259326
87,NYSE:PL,PL,Planet Labs PBC,planet-labs,streaming,stock,['common'],241.11111111111111,6.14,100,1,false,0,USD,-6.969696969696971,9138909,1863065882.0000002,USD,,-0.3623,24.268394648829428,0.0,Technology services,Technology Services,america,1.181818,0.5621634459590632
88,NASDAQ:MB,MB,MasterBeef Group,masterbeef,streaming,stock,['common'],240.78947368421052,12.95,100,1,false,0,USD,16.143497757847523,106525,222157250.0,USD,52.3655479175091,0.2473,,0.0,Consumer services,Consumer Services,america,,0.5359020409805964
89,NYSE:SRFM,SRFM,Surf Air Mobility Inc.,surf-air-mobility,streaming,stock,['common'],237.30691095864157,8.8,100,1,false,0,USD,16.09498680738787,22866211,296665723.0,USD,,-4.2666,83.01269290184898,0.0,Transportation,Transportation,america,1.5,1.2468466442781259
90,NYSE:AS,AS,"Amer Sports, Inc.",amer-sports-inc,streaming,stock,['common'],235.4441512752859,38.14,100,1,false,0,USD,0.0,1872060,21123660812.0,USD,102.58203335126412,0.3718,,0.0,Consumer durables,Consumer Durables,america,1.261905,0.4202952924327428
91,NASDAQ:PRPO,PRPO,"Precipio, Inc.",precipio,streaming,stock,['common'],227.42600067272113,15.575,100,1,false,0,USD,-0.7645747053201719,15358,23549570.0,USD,,-2.0892,44.02379229965437,0.0,Health services,Health Services,america,,0.5754732534960053
92,NASDAQ:IMRX,IMRX,Immuneering Corporation,immuneering,streaming,stock,['common'],227.4074074074074,4.42,100,1,false,0,USD,2.0785219399538075,806407,159056808.00000003,USD,,-1.9688,-5.946295000807191,0.0,Health technology,Health Technology,america,1.166667,0.6104424571760998
93,NASDAQ:ADPT,ADPT,Adaptive Biotechnologies Corporation,adaptive-biotechnologies,streaming,stock,['common'],223.83561643835617,11.82,100,1,false,0,USD,-2.1523178807947003,1626943,1795655555.0000002,USD,,-0.9592,35.35516916026418,0.0,Health technology,Health Technology,america,1.125,0.5373800559218533
94,NASDAQ:CRWV,CRWV,"CoreWeave, Inc.",coreweave,streaming,stock,['common'],222.66666666666666,125.84,100,1,false,0,USD,-9.002820160532208,15721812,61416410857.0,USD,,,,0.0,Technology services,Technology Services,america,1.895833,1.2208806068158242
95,NASDAQ:ATYR,ATYR,"aTyr Pharma, Inc.",atyr-pharma,streaming,stock,['common'],221.21212121212122,5.3,100,1,false,0,USD,-0.5628517823639821,2470891,471723550.99999994,USD,,-0.8062,10.729708780865904,0.0,Health technology,Health Technology,america,1.0,0.5056342334756415
96,NASDAQ:VRM,VRM,"Vroom, Inc.",vroom,streaming,stock,['common'],220.33149171270713,28.99,100,1,false,0,USD,-0.8888888888888943,10975,149683307.00000003,USD,,-46.3722,77.24295004139458,0.0,Retail trade,Retail Trade,america,,0.5788899027886933
97,NASDAQ:LTBR,LTBR,Lightbridge Corporation,lightbridge,streaming,stock,['common'],217.50663129973478,11.97,100,1,false,0,USD,-1.3190436933223424,945276,281873452.0,USD,,-0.8494,-25.98635419756749,0.0,Process industries,Process Industries,america,,0.5991268611876615
98,NYSE:HRTG,HRTG,"Heritage Insurance Holdings, Inc.",heritage-insurance,streaming,stock,['common'],216.51651651651648,21.08,100,1,false,0,USD,-1.2183692596063804,431648,653338107.0000001,USD,8.32938201359254,2.5308,53.95097025366509,0.0,Finance,Finance,america,1.333333,0.8022497667024937
99,NASDAQ:BTCS,BTCS,BTCS Inc.,btcs,streaming,stock,['common'],214.58333333333337,4.53,100,1,false,0,USD,5.5944055944055995,13205332,105635568.00000001,USD,,-1.7316,-241.4474759026303,0.0,Finance,Finance,america,1.0,0.6996255870713757
